Title,URL,Date
What Is Data Scraping And How Can You Use It? - Target ...,https://www.targetinternet.com/what-is-data-scraping-and-how-can-you-use-it/,13 Sept 2017
What is data scraping? - YouTube,https://www.youtube.com/watch?v=COeMzrSYgvw,30 Oct 2020
What is Web Scraping and What is it Used For? - ParseHub,https://www.parsehub.com/blog/what-is-web-scraping/,1 Aug 2021
8 Best Web Scraping Tools - Learn - Hevo Data,https://hevodata.com/learn/8-best-web-scraping-tools/,6 Feb 2021
Web Scraping Software - UiPath,https://www.uipath.com/solutions/technology/web-scraping-software,31 Jan 2015
7 Best Web Scraping Tools To Extract Data - Better ...,https://betterprogramming.pub/data-scraping-tools-7cb76eeab89e,26 Apr 2021
10 FREE Web Scrapers That You Cannot Miss in 2022,https://www.octoparse.com/blog/9-free-web-scrapers-that-you-cannot-miss,19 Mar 2022
WHAT IS DATA SCRAPING AND HOW CAN YOU USE IT?,https://www.linkedin.com/pulse/what-data-scraping-how-can-you-use-daniel-rowles,21 Nov 2017
Web Scraping Examples: How are Businesses Using Web ...,https://www.parsehub.com/blog/web-scraping-examples/,1 Feb 2022
Web scraping for Beginners | Introduction guide - ParseHub,https://www.parsehub.com/blog/beginners-guide-to-web-scraping/,17 Nov 2020
Watch | What is data scraping? - The Hindu,https://www.thehindu.com/sci-tech/technology/what-is-data-scraping/article32908610.ece,21 Oct 2020
Python Web Scraping Tutorial: Step-By-Step - Oxylabs,https://oxylabs.io/blog/python-web-scraping,6 Jan 2022
Manage and Prevent Web Scraping - F5 Networks,https://www.f5.com/solutions/scraping,21 May 2020
Is Web Scraping Legal? Explanation and Examples - ParseHub,https://www.parsehub.com/blog/web-scraping-legal/,14 Jul 2021
Web Scraping 101: 10 Myths that Everyone Should Know,https://www.octoparse.com/blog/10-myths-about-web-scraping,16 Aug 2021
How to scrape data from a website with OpenRPA - Full Tutorial,https://www.youtube.com/watch?v=sUQL2-rFOfw,12 Jun 2020
Web Data Extraction Automation - UiPath,https://www.uipath.com/learning/video-tutorials/web-data-extraction-automation,6 Oct 2014
Web Scraping with Python | NTU Library,https://blogs.ntu.edu.sg/ntulibrary/2019/01/24/web-scraping-with-python/,24 Jan 2019
Web Scraping Services Company India - Eminenture,https://www.eminenture.com/web-scraping-services.php,24 Dec 2021
Context on the recent US decision to legalize LinkedIn data ...,https://www.datacollaboration.org/post/context-regarding-the-recent-us-decision-on-linkedin-data-scraping,1 month ago
What is DATA SCRAPING? What does DATA ... - YouTube,https://www.youtube.com/watch?v=omTtMylcWOI,21 Sept 2017
Top Data Scraping Tools you must know for 2022 to assist ...,https://www.octoparse.com/blog/best-data-scraping-tools-for-2021,18 Mar 2022
Web scraping data with Azure Data Factory - SQLShack,https://www.sqlshack.com/web-scraping-data-with-azure-data-factory/,3 Aug 2021
Helium Scraper: Web Scraper,https://www.heliumscraper.com/eng/,29 Dec 2010
The Best Web Scraping Tools for 2021 - ScrapingBee,https://www.scrapingbee.com/blog/web-scraping-tools/,11 Jun 2021
Web Scraping and Data Wrangling with pandas in 3 Steps,https://www.learnpythonwithrune.org/web-scraping-and-data-wrangling-with-pandas-in-3-steps/,15 Mar 2022
Web Scraping vs Data Mining: What's the Difference?,https://www.parsehub.com/blog/web-scraping-vs-data-mining/,2 Mar 2020
"Web Scraping with Beautiful Soup, Selenium, or Scrapy?",https://towardsdatascience.com/web-scraping-with-beautiful-soup-selenium-or-scrapy-62c6f3545de7,16 Dec 2020
5 Things You Need to Know Before Scraping Data From ...,https://www.octoparse.com/blog/5-things-you-need-to-know-before-scraping-data-from-facebook,12 Aug 2021
Web Scraping vs API: What's the Difference? - ParseHub,https://www.parsehub.com/blog/web-scraping-vs-api/,9 Mar 2020
Web Scraping vs Web Crawling: The Differences - Oxylabs,https://oxylabs.io/blog/crawling-vs-scraping,10 Oct 2019
Web Scraping - Research-IT,https://research-it.wharton.upenn.edu/data/webscraping/,8 Jul 2010
How to Scrape Data with a Simple and Easy-to-Use Scraper,https://www.parsehub.com/blog/simple-easy-web-scraper/,31 Aug 2020
Web Scraping Techniques: How to Scrape Data from the Internet,https://www.parsehub.com/blog/web-scraping-techniques/,16 Mar 2020
Is Web Scraping Easy? How to Scrape Data without Coding ...,https://www.parsehub.com/blog/web-scraping-easy/,10 Feb 2020
Data Scraping - Gavagai,https://www.gavagai.io/solutions/scraping/,24 Jan 2020
Best Data Scraping Tools for 2021 (Top 10 Reviews),https://medium.datadriveninvestor.com/best-data-scraping-tools-for-2019-top-10-reviews-4a686061a184,6 May 2019
Web scraping – everything you need to know - Smartproxy,https://smartproxy.com/what-is-web-scraping,7 Dec 2021
Modern Web Scraping Guide - Fireship.io,https://fireship.io/lessons/web-scraping-guide/,17 Jul 2019
Data Analytics with Python by Web scraping: Illustration with ...,https://towardsdatascience.com/data-analytics-with-python-by-web-scraping-illustration-with-cia-world-factbook-abbdaa687a84,3 Mar 2018
FAQ|15 Most Frequently Asked Questions about Web Scraping,https://www.octoparse.com/blog/15-most-frequently-asked-questions-of-web-scraping,9 Mar 2022
Web Scraping with Power BI & Python - 3Cloud LLC.,https://3cloudsolutions.com/post/web-scraping-with-power-bi-python-2/,21 Apr 2020
Data scraping – the attraction and the legal and ethical risks,https://www.privacylaws.com/events-gateway/events/datascraping2021/,12 Oct 2021
Data Scraping Crawler - Phantombuster,https://phantombuster.com/automations/toolbox/22972/data-scraping-crawler,25 Aug 2021
"Web scraping, data scraping, data mining and data extraction ...",https://www.upwork.com/services/product/web-scraping-data-scraping-data-mining-and-data-extraction-with-python-1468211889388482560,12 Dec 2021
Web Scraping Tool & Free Web Crawlers | Octoparse,https://www.octoparse.com/WebScraping,9 Sept 2021
"Web scraping, data scraper, data mining and data extraction",https://www.upwork.com/services/product/the-scraped-data-from-the-websites-you-want-in-excel-or-in-spread-sheet-1320010697196572672,25 Jan 2022
Introduction to Web Scraping - Real Python,https://realpython.com/lessons/intro-to-web-scraping/,13 Oct 2020
Scraping Data from Website to Excel (Tutorial 2022) | Octoparse,https://www.octoparse.com/blog/scraping-data-from-website-to-excel,1 month ago
Scraping Data for Digital Marketers .. No Coding Experience ...,https://medium.com/@saijogeorge/scraping-data-for-digital-marketers-96f0c397a7ea,8 Aug 2014
Scraping Data from the Web | Online RPA with UiPath Training,https://kubicle.com/learn/rpa-with-uipath/scraping-data-from-the-web,7 Jun 2021
Web Scraping with Python Online Class | LinkedIn Learning ...,https://www.linkedin.com/learning/web-scraping-with-python,15 Dec 2020
Web Scraping for SQL Machine learning using R scripts,https://www.sqlshack.com/web-scraping-for-sql-machine-learning-using-r-scripts/,14 Dec 2020
10 Best Open Source Web Scraper in 2022 - Octoparse,https://www.octoparse.com/blog/10-best-open-source-web-scraper,16 Jan 2022
RPA Use Case: Facebook Data Scraping - Sunflower Lab,https://www.thesunflowerlab.com/blog/rpa-use-case-facebook-data-scraping/,20 Dec 2021
Extract data from any website without code | Bardeen Scraper,https://www.bardeen.ai/scraper,17 Jun 2021
Web Scraping: Let Web Data Feed Your Website - WP All Import,https://www.wpallimport.com/web-scraping/,28 Dec 2021
Implementing Web Scraping in Python with BeautifulSoup,https://www.geeksforgeeks.org/implementing-web-scraping-python-beautiful-soup/,3 weeks ago
Automated Web Scraping in R Part 1| Writing your Script using ...,https://www.youtube.com/watch?v=smriIBG08ok,20 Dec 2018
An Intro to Web Scraping with Python - Chi Hack Night,https://chihacknight.org/blog/2014/11/26/an-intro-to-web-scraping-with-python.html,26 Nov 2014
A Beginner's Guide To Web Scraping Python - Simplilearn,https://www.simplilearn.com/tutorials/python-tutorial/web-scraping-with-python,28 Mar 2022
How does web scraping work? - ParseHub,https://www.parsehub.com/blog/how-web-scraping-works/,24 Feb 2020
UiPath Tutorial 27 | Data Scraping - Resolving Issues | Part 2,https://www.youtube.com/watch?v=CgqpSLerjLs,4 Sept 2020
Web scraping using Python - Linux Hint,https://linuxhint.com/web_scraping_python/,7 Oct 2019
Web Scraping vs Web Crawling: What's the Difference?,https://www.parsehub.com/blog/web-scraping-vs-web-crawling/,3 Feb 2020
"What is web scraping - Octoparse, your first web scraper!",https://www.youtube.com/watch?v=xBBAD407zzU,2 Jun 2016
A Complete Learning Path To Web Scraping (With All Major ...,https://analyticsindiamag.com/complete-learning-path-to-web-scraping-with-all-major-tools/,29 Dec 2020
What Is Web Scraping - Basics & Practical Uses - Octoparse,https://www.octoparse.com/blog/what-is-web-scraping-basics-and-use-cases,24 Jan 2022
Quick Tip: Headless Web Scraping - Automation Anywhere ...,https://developer.automationanywhere.com/blog/quick-tip-headless-web-scraping,27 Aug 2020
Web Scraping vs. Web Crawling: What's the difference?,https://www.linkedin.com/pulse/web-scraping-vs-crawling-whats-difference-attila-t%C3%B3th,15 Jul 2020
4.3 Data Scraping & Cleaning Tools - Mavs Open Press,https://uta.pressbooks.pub/datanotebook/chapter/4-3-data-scraping-software/,11 Oct 2021
Screen Scraping Any Desktop Application - UiPath,https://www.uipath.com/learning/video-tutorials/screen-scraping-desktop-application,19 Dec 2014
No Cost Data Scraping With GitHub Actions And Neo4j Aura,https://neo4j.com/videos/no-cost-data-scraping-with-github-actions-and-neo4j-aura/,15 Jul 2021
How to scrape ANY website with python and beautiful soup ...,https://towardsdatascience.com/how-to-scrape-any-website-with-python-and-beautiful-soup-bc84e95a3483,29 Jun 2020
Web Scraping For Physician Review,https://www.optisolbusiness.com/insight/web-scraping-for-physician-review,7 May 2021
"Data scraping, web scraping, data extraction and data mining",https://www.upwork.com/services/product/web-scraping-and-data-mining-1330753405936447488,29 Jan 2022
NoCoding Data Scraper - Easy Web Scraping - Edge Add-ons,https://microsoftedge.microsoft.com/addons/detail/nocoding-data-scraper-i/daiklcgdelcbcmjepemiklfglodmofbm,27 Aug 2020
Web Scraper for Mac: How to Scrape Data from Any Website ...,https://www.parsehub.com/blog/web-scraper-mac/,4 May 2020
Web Scraping With Beautiful Soup and Python (Overview),https://realpython.com/lessons/web-scraping-bs-overview/,13 Oct 2020
What can Web Scraping be Used For? - ParseHub,https://www.parsehub.com/blog/web-scraping-uses/,17 Feb 2020
Web Scraping using Beautiful Soup and Selenium for dynamic ...,https://medium.com/ymedialabs-innovation/web-scraping-using-beautiful-soup-and-selenium-for-dynamic-page-2f8ad15efe25,28 Jan 2019
Web Scraping Using Python - A beginners Guide - Intellipaat,https://intellipaat.com/blog/tutorial/python-tutorial/python-web-scraping-tutorial/,3 weeks ago
Intro to web scraping using ParseHub and Parabola - Makerpad,https://www.makerpad.co/posts/intro-to-web-scraping-using-parsehub-and-parabola,18 May 2021
10 Questions to Ask Before Proceeding with Web Scraping,https://www.octoparse.com/blog/10-questions-to-ask-before-proceeding-with-web-scraping,6 Jan 2020
Web Scraping and Custom Entity extraction using NLP and RPA,https://www.justanalytics.com/blog/technical-know-how/web-scraping-extract-key-entities-using-natural-language-processing,29 Mar 2020
Build a Web Scraping Tool using Azure Data Factory,https://www.mssqltips.com/sqlservertip/7042/web-scraping-azure-data-factory/,24 Nov 2021
Practical Introduction to Web Scraping in R - R-bloggers,https://www.r-bloggers.com/2019/04/practical-introduction-to-web-scraping-in-r/,10 Apr 2019
OCR screen scraping - UI Vision,https://ui.vision/rpa/x/desktop-automation/screen-scraping,13 May 2019
How much does Web Scraping cost? - ParseHub,https://www.parsehub.com/blog/web-scraping-cost/,6 Apr 2020
12 Popular Cloud-based Web Scraping Solutions - Geekflare,https://geekflare.com/web-scraping-tools/,1 week ago
Scraping website data straight into Neo4j with apoc.load.html,https://neo4j.com/videos/scraping-website-data-straight-into-neo4j-with-apoc-load-html-adam-cowley-neo4j-twitch-stream/,28 Jul 2020
How to Scrape a Website that Requires Login - ParseHub,https://www.parsehub.com/blog/web-scrape-login/,20 Jan 2020
Top Web Scraping Services For Your Ecommerce Store,https://firebearstudio.com/blog/ecommerce-magento-web-scraping.html,13 Feb 2017
Top 20 Web Crawling Tools to Scrape the Websites Quickly,https://www.octoparse.com/blog/top-20-web-crawling-tools-for-extracting-web-data,29 Jul 2021
What Is Web Scraping — Basics & Practical Uses | by Octoparse,https://medium.datadriveninvestor.com/what-is-web-scraping-basics-practical-uses-66e1063cfa74,24 Jan 2022
"How to Scrape Amazon Product Data: Names, Pricing, ASIN, etc.",https://www.parsehub.com/blog/scrape-amazon-product-data/,9 Nov 2020
3 Steps To Scale Up Web Scraping - LinkedIn,https://www.linkedin.com/pulse/3-steps-scale-up-web-scraping-attila-t%C3%B3th,22 Jul 2020
Building A Competitive Pricing Strategy With Web Scraping,https://scrapingrobot.com/blog/competitive-pricing/,28 Sept 2020
Web Scraping for Data Science — Is it legal? | by Frank Andrade,https://medium.datadriveninvestor.com/web-scraping-for-data-science-is-it-legal-266fb51171ec,20 Dec 2020
How to Scrape Data from a Website on to an Excel Spreadsheet,https://www.parsehub.com/blog/web-scraping-excel-sheet/,2 Aug 2021
